<?xml version='1.0' encoding='utf-8' standalone='yes' ?>
<map>
    <boolean name="namespaceSharedPreferences" value="false" />
    <string name="device.id">9f995559aa592a183c7f47beddc200b27094156bf34c2bb1a34d84766c15ab9a</string>
    <int name="build" value="955" />
    <string name="version">3.90.0</string>
    <string name="traits-wSgiSNwwTtjusY4M1GugEJ3I3kBxgBvU">{&quot;pushNotificationAndroid&quot;:&quot;enabled&quot;,&quot;anonymousId&quot;:&quot;208db669-4eb3-47dc-8e1c-755a6817fdd8&quot;,&quot;subscriber_key&quot;:&quot;d85efc6eb7b44f77bc356c3275fc8cea719a16fd201b932c1cb8e44bc157a6cd&quot;,&quot;syncUsingCellular&quot;:false,&quot;userId&quot;:&quot;8d9f0a5d-cac7-55a7-9d7e-3e28cc319d79&quot;,&quot;subStatus&quot;:&quot;Fan&quot;,&quot;createdAt&quot;:&quot;2014-06-04T04:46:12+0000&quot;,&quot;phoneNumber&quot;:&quot;&quot;,&quot;pushNotificationOptOut&quot;:&quot;&quot;,&quot;externalUserId&quot;:&quot;22124175&quot;,&quot;profileId&quot;:&quot;8d9f0a5d-cac7-55a7-9d7e-3e28cc319d79&quot;,&quot;email&quot;:&quot;spataforej@gmail.com&quot;,&quot;username&quot;:&quot;stonyrock&quot;}</string>
</map>
