<?xml version='1.0' encoding='utf-8' standalone='yes' ?>
<map>
    <string name="ed25a4e1-61b3-48b3-864a-43df25808de1">{&quot;data&quot;:{},&quot;name&quot;:&quot;ss&quot;,&quot;session_id&quot;:&quot;914f2374-f761-4ece-9843-f7b37808b7da&quot;,&quot;time&quot;:1.761248001582E9}</string>
    <string name="4a491d18-616e-4ba5-a1d3-f2ee507fe470">{&quot;data&quot;:{},&quot;name&quot;:&quot;ss&quot;,&quot;session_id&quot;:&quot;d0b34bb4-9949-4d29-982e-a480f068d81f&quot;,&quot;time&quot;:1.761248137999E9}</string>
    <string name="9ab2a9c5-99f5-4f12-86d0-4e1a7fceba89">{&quot;data&quot;:{},&quot;name&quot;:&quot;ss&quot;,&quot;session_id&quot;:&quot;d06490a9-a57d-42f5-84b1-ccab974d98dc&quot;,&quot;time&quot;:1.761280650505E9}</string>
    <string name="5664faae-4e09-4b2f-8fa5-3577d35d6048">{&quot;data&quot;:{&quot;d&quot;:178},&quot;name&quot;:&quot;se&quot;,&quot;session_id&quot;:&quot;d06490a9-a57d-42f5-84b1-ccab974d98dc&quot;,&quot;time&quot;:1.761280829017E9}</string>
    <string name="30d7a505-7d7e-4ffc-87ab-169ec9dda9a2">{&quot;data&quot;:{&quot;d&quot;:257},&quot;name&quot;:&quot;se&quot;,&quot;session_id&quot;:&quot;6c2c6914-e038-4ca8-8712-2e0bc686b5f0&quot;,&quot;time&quot;:1.761281842083E9}</string>
    <string name="574e4eee-ed7e-4d5e-9cb5-2967df9ae748">{&quot;data&quot;:{},&quot;name&quot;:&quot;ss&quot;,&quot;session_id&quot;:&quot;84374f27-bcf4-4cc0-8226-53b427cc4012&quot;,&quot;time&quot;:1.761281963629E9}</string>
    <string name="6836de37-40e4-4b33-a542-30597361871e">{&quot;data&quot;:{&quot;d&quot;:71},&quot;name&quot;:&quot;se&quot;,&quot;session_id&quot;:&quot;84374f27-bcf4-4cc0-8226-53b427cc4012&quot;,&quot;time&quot;:1.76128203555E9}</string>
    <string name="29513f8b-f53a-4a73-9109-639958e590f2">{&quot;data&quot;:{},&quot;name&quot;:&quot;ss&quot;,&quot;session_id&quot;:&quot;0f8158ee-5860-43da-86fd-d300e7fd4bb7&quot;,&quot;time&quot;:1.761280829031E9}</string>
    <string name="60938725-8453-4f17-816e-be9ca6e130aa">{&quot;data&quot;:{&quot;d&quot;:40},&quot;name&quot;:&quot;se&quot;,&quot;session_id&quot;:&quot;0f8158ee-5860-43da-86fd-d300e7fd4bb7&quot;,&quot;time&quot;:1.761280870017E9}</string>
    <string name="2b02e2a9-6d6b-46eb-a06e-9a6b76396083">{&quot;data&quot;:{},&quot;name&quot;:&quot;ss&quot;,&quot;session_id&quot;:&quot;6c2c6914-e038-4ca8-8712-2e0bc686b5f0&quot;,&quot;time&quot;:1.761281584813E9}</string>
    <string name="0257b8a7-9337-4067-833e-1a904227f784">{&quot;data&quot;:{&quot;d&quot;:136},&quot;name&quot;:&quot;se&quot;,&quot;session_id&quot;:&quot;914f2374-f761-4ece-9843-f7b37808b7da&quot;,&quot;time&quot;:1.761248137883E9}</string>
    <string name="641b1c97-a4c8-4bca-87cb-e842df5edefc">{&quot;data&quot;:{&quot;d&quot;:32512},&quot;name&quot;:&quot;se&quot;,&quot;session_id&quot;:&quot;d0b34bb4-9949-4d29-982e-a480f068d81f&quot;,&quot;time&quot;:1.761280650419E9}</string>
</map>
