{"Fid":"fJ2F0jnAQj69QT0d6azlhh","Status":3,"RefreshToken":"3_AS3qfwKOrT49l6zZed5fuV_PjpKoBcOC2NqmEW2ansMHwxXnRGc3e2gvCBPuY0tpcbquuibHny_Lnhh5yGgIEgIBwoMZrwtrWWQg7-CU0lLYdOs","AuthToken":"eyJhbGciOiJFUzI1NiIsInR5cCI6IkpXVCJ9.eyJhcHBJZCI6IjE6MzY3MjY5MDA4OTg2OmFuZHJvaWQ6NzliMWNhNTQ5NTQxMTEyNCIsImV4cCI6MTc2MTU1MzE3NCwiZmlkIjoiZkoyRjBqbkFRajY5UVQwZDZhemxoaCIsInByb2plY3ROdW1iZXIiOjM2NzI2OTAwODk4Nn0.AB2LPV8wRAIgRnpQUFik1piLEukOzTBhUIIixWCHdyRF72llyOrjXSkCIGgbpnmHcT638OFsaRLSoK9x3eTzi8baGZtZWxRbhQ5z","TokenCreationEpochInSecs":1760948375,"ExpiresInSecs":604800}