<?xml version='1.0' encoding='utf-8' standalone='yes' ?>
<map>
    <int name="build" value="955" />
    <boolean name="namespaceSharedPreferences" value="false" />
    <string name="device.id">7029a5894a2c7efbbd9c8d2213e9c5966e7f149ba8d40754fde6d3d719318d0b</string>
    <string name="version">3.90.0</string>
    <string name="traits-wSgiSNwwTtjusY4M1GugEJ3I3kBxgBvU">{&quot;anonymousId&quot;:&quot;55a85e3a-ee4c-4055-b55b-8ed17de739a9&quot;,&quot;pushNotificationAndroid&quot;:&quot;enabled&quot;,&quot;subscriber_key&quot;:&quot;ee73dd47b7b3b8dd1260d2959fcafb43463a68cfa3cd49a6d3f5b2cced9d356b&quot;,&quot;wifiDownloadOnly&quot;:true,&quot;syncUsingCellular&quot;:false,&quot;userId&quot;:&quot;1750ae53-f7b8-5384-9771-e1419821432b&quot;,&quot;subStatus&quot;:&quot;Mega Fan&quot;,&quot;createdAt&quot;:&quot;2025-08-05T12:02:11+0000&quot;,&quot;phoneNumber&quot;:&quot;&quot;,&quot;pushNotificationOptOut&quot;:&quot;&quot;,&quot;externalUserId&quot;:&quot;1236744352&quot;,&quot;profileId&quot;:&quot;1750ae53-f7b8-5384-9771-e1419821432b&quot;,&quot;email&quot;:&quot;pmplgrx@gmail.com&quot;,&quot;username&quot;:&quot;&quot;}</string>
</map>
