{"Fid":"eo_6X100TNGftNwpkvMNWv","Status":3,"RefreshToken":"3_AS3qfwKCx-R2saXn-0yh4WAmrrkvenyJduUvXQJ-y_MuVHKx-VMV1-S1k4FfBPMpcyle24sCpelWeEAMmHEv99JYGs6tUXUMfEaol-gLmHsIWhs","AuthToken":"eyJhbGciOiJFUzI1NiIsInR5cCI6IkpXVCJ9.eyJhcHBJZCI6IjE6MzY3MjY5MDA4OTg2OmFuZHJvaWQ6NzliMWNhNTQ5NTQxMTEyNCIsImV4cCI6MTc2MTU1NDY2NSwiZmlkIjoiZW9fNlgxMDBUTkdmdE53cGt2TU5XdiIsInByb2plY3ROdW1iZXIiOjM2NzI2OTAwODk4Nn0.AB2LPV8wRQIhAK4u5ZmakRFEqUfb96uEuFMTuwUu-PCbmdWoK3Lfz3mnAiAoEBOMnU-BPNax9mVicO7_JZqIpEazY_tLKpBdX_UyoA","TokenCreationEpochInSecs":1760949866,"ExpiresInSecs":604800}