{"Fid":"d06S1HUUSCCeZtu0SAt88C","Status":3,"RefreshToken":"3_AS3qfwLHcYm7GH51jtIAY-UdesgOnr6jI9SRvxVijOgh1qWS3Atv5PPVKX8vH76pFbKb1aD21lgb0QSyTIzKYGcX39xRlah84KAvClxjcX7zOfs","AuthToken":"eyJhbGciOiJFUzI1NiIsInR5cCI6IkpXVCJ9.eyJhcHBJZCI6IjE6MzY3MjY5MDA4OTg2OmFuZHJvaWQ6NzliMWNhNTQ5NTQxMTEyNCIsImV4cCI6MTc2MTg1Mjc5OCwiZmlkIjoiZDA2UzFIVVVTQ0NlWnR1MFNBdDg4QyIsInByb2plY3ROdW1iZXIiOjM2NzI2OTAwODk4Nn0.AB2LPV8wRAIgQcohihMKMRcqFmOrYAj1ZbeX4GFgd3XJAVSnBT0U16QCIHLWH5LVexRlBPRArre6CRs8iZD6wTcvDLRJXuGGzZUD","TokenCreationEpochInSecs":1761247998,"ExpiresInSecs":604800}