{"Fid":"dyExZWB-T_6_pcXqbmvf1G","Status":3,"RefreshToken":"3_AS3qfwJdAooziD4XbdpBlj8q9kweWODOmgkj90A2_TlTinQBOIjsV5uiAgwFl2HWEi84tX2LR_9RKOR2zCMKycOkhS58oeOAV-Y_r_MUybvvE7Q","AuthToken":"eyJhbGciOiJFUzI1NiIsInR5cCI6IkpXVCJ9.eyJhcHBJZCI6IjE6MzY3MjY5MDA4OTg2OmFuZHJvaWQ6NzliMWNhNTQ5NTQxMTEyNCIsImV4cCI6MTc2MjAxNTE3OCwiZmlkIjoiZHlFeFpXQi1UXzZfcGNYcWJtdmYxRyIsInByb2plY3ROdW1iZXIiOjM2NzI2OTAwODk4Nn0.AB2LPV8wRQIgW_EYNYA08AgE3DeRPUINC1qasXDfkiYgnDPw3Emr22oCIQDTNIc73UgmQrwQVYfcSgxv1gAk5SBDJbxmeIoaGo3jWg","TokenCreationEpochInSecs":1761410378,"ExpiresInSecs":604800}