{"Fid":"fb586fm1SNqJABrxAGf8AO","Status":3,"RefreshToken":"3_AS3qfwJikXJp5sWhSUlqJ-g9sGFQT_whv753ZQjaINLOHUcME0pseoyzqELP5Tl1t3Vcy6b06JZBicHd3fUu6rLt7-RGGQudSpf-_PIDVZvQh6Y","AuthToken":"eyJhbGciOiJFUzI1NiIsInR5cCI6IkpXVCJ9.eyJhcHBJZCI6IjE6MzY3MjY5MDA4OTg2OmFuZHJvaWQ6NzliMWNhNTQ5NTQxMTEyNCIsImV4cCI6MTc2MTczMzUzMywiZmlkIjoiZmI1ODZmbTFTTnFKQUJyeEFHZjhBTyIsInByb2plY3ROdW1iZXIiOjM2NzI2OTAwODk4Nn0.AB2LPV8wRgIhANHy-4npp_l0BxnFTs_xgswCDS_i-rjRw1JHsEBqml_lAiEA3o_iQnaJV4WwZrrJxMUymq5paq_m7qKWATCC997FWXU","TokenCreationEpochInSecs":1761128732,"ExpiresInSecs":604800}