<?xml version='1.0' encoding='utf-8' standalone='yes' ?>
<map>
    <boolean name="namespaceSharedPreferences" value="false" />
    <string name="device.id">7029a5894a2c7efbbd9c8d2213e9c5966e7f149ba8d40754fde6d3d719318d0b</string>
    <int name="build" value="955" />
    <string name="version">3.90.0</string>
    <string name="traits-wSgiSNwwTtjusY4M1GugEJ3I3kBxgBvU">{&quot;pushNotificationAndroid&quot;:&quot;enabled&quot;,&quot;anonymousId&quot;:&quot;090f3b5b-5491-44e4-bdc2-e212174a929e&quot;,&quot;subscriber_key&quot;:&quot;199e9e29ac41782f88791dc6e3c155d325e16d9c94fb6d0d7a95e30358fe80c4&quot;,&quot;syncUsingCellular&quot;:false,&quot;userId&quot;:&quot;a82c59a2-474c-5ba8-9643-3c1089bd3bb4&quot;,&quot;subStatus&quot;:&quot;Mega Fan&quot;,&quot;createdAt&quot;:&quot;2023-12-02T12:02:49+0000&quot;,&quot;phoneNumber&quot;:&quot;&quot;,&quot;pushNotificationOptOut&quot;:&quot;&quot;,&quot;externalUserId&quot;:&quot;1135514568&quot;,&quot;profileId&quot;:&quot;a82c59a2-474c-5ba8-9643-3c1089bd3bb4&quot;,&quot;email&quot;:&quot;axelcadeville12@yahoo.com&quot;,&quot;username&quot;:&quot;clapedJr&quot;}</string>
</map>
