<?xml version='1.0' encoding='utf-8' standalone='yes' ?>
<map>
    <boolean name="namespaceSharedPreferences" value="false" />
    <string name="device.id">9f995559aa592a183c7f47beddc200b27094156bf34c2bb1a34d84766c15ab9a</string>
    <int name="build" value="955" />
    <string name="version">3.90.0</string>
    <string name="traits-wSgiSNwwTtjusY4M1GugEJ3I3kBxgBvU">{&quot;pushNotificationAndroid&quot;:&quot;enabled&quot;,&quot;anonymousId&quot;:&quot;02a216f8-8fc6-4008-92ba-43d0fa002f65&quot;,&quot;subscriber_key&quot;:&quot;9592f5d0bcc4eb0bcc7fc42c99188265d366c295c088111e4804a0d535d6c788&quot;,&quot;syncUsingCellular&quot;:false,&quot;userId&quot;:&quot;9873a68a-ecd2-5da2-a776-2c83a1424346&quot;,&quot;subStatus&quot;:&quot;Mega Fan&quot;,&quot;createdAt&quot;:&quot;2023-07-06T04:08:28+0000&quot;,&quot;phoneNumber&quot;:&quot;&quot;,&quot;pushNotificationOptOut&quot;:&quot;&quot;,&quot;externalUserId&quot;:&quot;1117893101&quot;,&quot;profileId&quot;:&quot;583b39e2-9542-4fc3-a289-0d62fc21c538&quot;,&quot;email&quot;:&quot;hohospec@gmail.com&quot;,&quot;username&quot;:&quot;Braddoley&quot;}</string>
</map>
