<?xml version='1.0' encoding='utf-8' standalone='yes' ?>
<map>
    <int name="build" value="955" />
    <boolean name="namespaceSharedPreferences" value="false" />
    <string name="device.id">7029a5894a2c7efbbd9c8d2213e9c5966e7f149ba8d40754fde6d3d719318d0b</string>
    <string name="version">3.90.0</string>
    <string name="traits-wSgiSNwwTtjusY4M1GugEJ3I3kBxgBvU">{&quot;pushNotificationAndroid&quot;:&quot;enabled&quot;,&quot;anonymousId&quot;:&quot;a70f8400-5af0-48d2-8bfc-4de6fc16e3ce&quot;,&quot;subscriber_key&quot;:&quot;4618ec9dfc32bb0b77fda91945e30df1a39ee2f97114180c2365246fa408be52&quot;,&quot;syncUsingCellular&quot;:false,&quot;userId&quot;:&quot;efb854ea-4663-5431-b805-9720e63b51c7&quot;,&quot;subStatus&quot;:&quot;Mega Fan&quot;,&quot;createdAt&quot;:&quot;2019-04-04T18:11:58+0000&quot;,&quot;phoneNumber&quot;:&quot;&quot;,&quot;pushNotificationOptOut&quot;:&quot;&quot;,&quot;externalUserId&quot;:&quot;89485245&quot;,&quot;profileId&quot;:&quot;efb854ea-4663-5431-b805-9720e63b51c7&quot;,&quot;email&quot;:&quot;sandraa9524@gmail.com&quot;,&quot;username&quot;:&quot;xsnowye&quot;}</string>
</map>
