<?xml version='1.0' encoding='utf-8' standalone='yes' ?>
<map>
    <string name="bb628063-c526-4eec-b881-80664947773d">{&quot;data&quot;:{&quot;d&quot;:61},&quot;name&quot;:&quot;se&quot;,&quot;session_id&quot;:&quot;29dac945-1b16-4143-8e10-e57be8cca2e8&quot;,&quot;time&quot;:1.760949068382E9}</string>
    <string name="308ac4fb-1dfb-4178-8a9c-58fa1ab59889">{&quot;data&quot;:{},&quot;name&quot;:&quot;ss&quot;,&quot;session_id&quot;:&quot;29dac945-1b16-4143-8e10-e57be8cca2e8&quot;,&quot;time&quot;:1.760949006484E9}</string>
    <string name="d48d6106-9b03-416e-88f8-c4cedf79eb05">{&quot;data&quot;:{},&quot;name&quot;:&quot;ss&quot;,&quot;session_id&quot;:&quot;706e73d2-ff94-4241-ac9f-91d47bbc3346&quot;,&quot;time&quot;:1.760948836429E9}</string>
    <string name="2ad925c5-89cd-4fe1-9070-907e7860531a">{&quot;data&quot;:{&quot;d&quot;:119},&quot;name&quot;:&quot;se&quot;,&quot;session_id&quot;:&quot;706e73d2-ff94-4241-ac9f-91d47bbc3346&quot;,&quot;time&quot;:1.760948955895E9}</string>
</map>
