<?xml version='1.0' encoding='utf-8' standalone='yes' ?>
<map>
    <string name="95fff7e4-fb1b-47d9-9b0a-c6a0d5d26e40">{&quot;data&quot;:{},&quot;name&quot;:&quot;ss&quot;,&quot;session_id&quot;:&quot;4b53c50d-30f9-43cd-ae5f-4a4d8e14c632&quot;,&quot;time&quot;:1.761413188979E9}</string>
    <string name="f4f1fd4a-d73e-4eb6-8a0f-4f9418fe8730">{&quot;data&quot;:{},&quot;name&quot;:&quot;ss&quot;,&quot;session_id&quot;:&quot;508acb46-0a7f-4875-a541-41312eb704d3&quot;,&quot;time&quot;:1.761413268249E9}</string>
    <string name="68460815-dca7-443a-a7c1-120d2ad01e86">{&quot;data&quot;:{&quot;d&quot;:2805},&quot;name&quot;:&quot;se&quot;,&quot;session_id&quot;:&quot;41bde947-fb23-494e-9d12-2e950a2fb454&quot;,&quot;time&quot;:1.761413188942E9}</string>
    <string name="4b199a08-509a-4752-881b-0dbcabf19fa5">{&quot;data&quot;:{&quot;d&quot;:11},&quot;name&quot;:&quot;se&quot;,&quot;session_id&quot;:&quot;4b53c50d-30f9-43cd-ae5f-4a4d8e14c632&quot;,&quot;time&quot;:1.76141320095E9}</string>
    <string name="d9ca7e23-206d-4a1e-928c-7884f07eb85b">{&quot;data&quot;:{&quot;d&quot;:31},&quot;name&quot;:&quot;se&quot;,&quot;session_id&quot;:&quot;508acb46-0a7f-4875-a541-41312eb704d3&quot;,&quot;time&quot;:1.761413300109E9}</string>
    <string name="9f30c4c6-979b-48e5-a969-d1f96af94be1">{&quot;data&quot;:{},&quot;name&quot;:&quot;ss&quot;,&quot;session_id&quot;:&quot;41bde947-fb23-494e-9d12-2e950a2fb454&quot;,&quot;time&quot;:1.761410383296E9}</string>
</map>
