<?xml version='1.0' encoding='utf-8' standalone='yes' ?>
<map>
    <string name="212f1e32-6260-48da-8510-1b7eb4b86a02">{&quot;data&quot;:{},&quot;name&quot;:&quot;ss&quot;,&quot;session_id&quot;:&quot;46064821-f2f4-48fd-aaba-38c131f83b3c&quot;,&quot;time&quot;:1.761128888123E9}</string>
    <string name="490ab69c-1e2b-4f37-bafd-61eb01ed6b5e">{&quot;data&quot;:{&quot;d&quot;:10},&quot;name&quot;:&quot;se&quot;,&quot;session_id&quot;:&quot;496a80a8-5aec-4b7c-af09-b6f1bb76c8da&quot;,&quot;time&quot;:1.761129094252E9}</string>
    <string name="409aa510-a295-4462-9ff2-e47dacc6e6d8">{&quot;data&quot;:{},&quot;name&quot;:&quot;ss&quot;,&quot;session_id&quot;:&quot;6cc5be1b-ae09-434b-82f5-9cb665cccc13&quot;,&quot;time&quot;:1.761128959177E9}</string>
    <string name="5eaea9c1-0e35-497c-b7d2-c3fc975e1ef0">{&quot;data&quot;:{},&quot;name&quot;:&quot;ss&quot;,&quot;session_id&quot;:&quot;99e88172-3ed1-4a5c-9eda-71a5a5b390f6&quot;,&quot;time&quot;:1.761129332498E9}</string>
    <string name="0782a403-9a40-4632-86e1-cd984351d152">{&quot;data&quot;:{&quot;d&quot;:70},&quot;name&quot;:&quot;se&quot;,&quot;session_id&quot;:&quot;46064821-f2f4-48fd-aaba-38c131f83b3c&quot;,&quot;time&quot;:1.761128959115E9}</string>
    <string name="49c03ea8-ee81-4b3c-92fe-bf73c1e1c297">{&quot;data&quot;:{},&quot;name&quot;:&quot;ss&quot;,&quot;session_id&quot;:&quot;d3a7f3ce-3b0a-47dd-99aa-8ad57f3bdd94&quot;,&quot;time&quot;:1.761129015335E9}</string>
    <string name="897de10a-ce32-48d7-95a4-e33c6c88ae2c">{&quot;data&quot;:{},&quot;name&quot;:&quot;ss&quot;,&quot;session_id&quot;:&quot;499b7468-7601-41ea-9e7f-f00521f290d2&quot;,&quot;time&quot;:1.761128738027E9}</string>
    <string name="737494ad-3b90-4c63-b609-7621933b36c8">{&quot;data&quot;:{},&quot;name&quot;:&quot;ss&quot;,&quot;session_id&quot;:&quot;4d2fc931-5061-4914-8091-f15d4c250046&quot;,&quot;time&quot;:1.761129196719E9}</string>
    <string name="9ddfa36c-aba9-4d87-b45b-43839ec07a87">{&quot;data&quot;:{&quot;d&quot;:32},&quot;name&quot;:&quot;se&quot;,&quot;session_id&quot;:&quot;99e88172-3ed1-4a5c-9eda-71a5a5b390f6&quot;,&quot;time&quot;:1.761129364731E9}</string>
    <string name="39538f0d-a48e-4f0c-880b-64da23b583cb">{&quot;data&quot;:{&quot;d&quot;:22},&quot;name&quot;:&quot;se&quot;,&quot;session_id&quot;:&quot;499b7468-7601-41ea-9e7f-f00521f290d2&quot;,&quot;time&quot;:1.7611287603E9}</string>
    <string name="ba4689cc-03b3-4e44-896c-58f3f9dd1660">{&quot;data&quot;:{},&quot;name&quot;:&quot;ss&quot;,&quot;session_id&quot;:&quot;496a80a8-5aec-4b7c-af09-b6f1bb76c8da&quot;,&quot;time&quot;:1.761129084156E9}</string>
    <string name="7a764762-4419-4501-892d-d69f64a961fc">{&quot;data&quot;:{&quot;d&quot;:56},&quot;name&quot;:&quot;se&quot;,&quot;session_id&quot;:&quot;6cc5be1b-ae09-434b-82f5-9cb665cccc13&quot;,&quot;time&quot;:1.761129015285E9}</string>
    <string name="b040e04c-f367-480d-9b49-2d48090edc71">{&quot;data&quot;:{&quot;d&quot;:93},&quot;name&quot;:&quot;se&quot;,&quot;session_id&quot;:&quot;4d2fc931-5061-4914-8091-f15d4c250046&quot;,&quot;time&quot;:1.761129290371E9}</string>
    <string name="2e209a4e-4a2e-437a-a99d-3aacfa6fcb56">{&quot;data&quot;:{&quot;d&quot;:10},&quot;name&quot;:&quot;se&quot;,&quot;session_id&quot;:&quot;d3a7f3ce-3b0a-47dd-99aa-8ad57f3bdd94&quot;,&quot;time&quot;:1.761129025405E9}</string>
</map>
