<?xml version='1.0' encoding='utf-8' standalone='yes' ?>
<map>
    <set name="kotlin/2.0.21 android-min-sdk/26 fire-installations/18.0.0 fire-analytics/21.3.0 device-model/OP5321 device-name/CPH2349T2 android-installer/com.android.vending fire-core/21.0.0 fire-android/30 fire-core-ktx/21.0.0 fire-iid/20.1.6 fire-cls-ndk/19.4.4 android-platform/ fire-sessions/2.1.2 fire-cls/19.4.4 fire-fcm/20.1.6 device-brand/OPPO android-target-sdk/25 fire-transport/19.0.0">
        <string>2025-10-25</string>
    </set>
    <long name="fire-count" value="1" />
    <string name="last-used-date">2025-10-25</string>
    <long name="fire-global" value="1761410376601" />
</map>
